COMPANY,TITLE,COMPANY_URL,LOCATION,BENEFIT,JOB_URL,JOB_DESCRIPTION,COMPANY_IMAGE,APPLICANT_NUM,POSTED_TIME,SENIORITY_LEVEL,EMPLOYMENT_TYPE,JOB_FUNCTION,INDUSTRIES
TalentKompass Deutschland,Junior Python Developer (Remote Internship – IT),https://www.linkedin.com/company/talentkompass-deutschland?trk=public_jobs_jserp-result_job-search-card-subtitle,"İzmir, İzmir, Turkey",Actively Hiring,https://tr.linkedin.com/jobs/view/junior-python-developer-remote-internship-%E2%80%93-it-at-talentkompass-deutschland-3606170444?refId=eTGvRlMvEsuT3STKNjRUNQ%3D%3D&trackingId=qOI5JFeC1E6IVeSKfbKhig%3D%3D&position=2&pageNum=0&trk=public_jobs_jserp-result_search-card,"LOCATION: Remote Work

SCHEDULE: Part-time

Are you passionate about software development and seeking a remarkable opportunity to gain hands-on experience while working with a prestigious Management Consulting firm? TalentKompass Deutschland, a top Human Resources company based in Germany, is searching for a motivated Python Developer Intern to join our esteemed client. This remote position presents a fantastic opportunity for someone who is eager to learn and grow in a dynamic and fast-paced environment.

As a Python Developer Intern, you will work closely with the software development and consulting teams, where you will be responsible for a variety of tasks, including software design, development, and debugging. You will have the unique chance to learn from experienced professionals who will provide mentorship and guidance throughout the internship. With this opportunity, you will gain valuable experience in software development, data analysis, and teamwork – all essential skills for a successful career in this field.

Responsibilities:

Assist in the design, implementation, and maintenance of software applications
Collaborate with cross-functional teams to gather requirements and develop solutions
Conduct research on emerging software technologies and trends
Participate in software debugging and performance optimization
Test and debug applications to ensure optimal performance and security
Support the team with general administrative tasks as needed
Contribute to the creation of technical documentation and user guides

Requirements:

Basic understanding of software development principles and practices
Familiarity with Python and its associated libraries
Excellent written and verbal communication skills in English
Ability to work independently and as part of a team
Strong analytical and problem-solving skills
Knowledge of database systems, such as MySQL, PostgreSQL, is a plus
Experience with version control systems, such as Git, is a plus

At TalentKompass Deutschland, we are committed to helping our interns develop their skills and reach their full potential. Our client is a reputable Management Consulting firm that will provide invaluable experience in a competitive industry. Don't miss this incredible opportunity to jump-start your career in software development – apply now!
Show less
Seniority level
Not Applicable
Employment type
Internship
Job function
Engineering and Information Technology
Industries
Human Resources Services
Referrals increase your chances of interviewing at TalentKompass Deutschland by 2x
See who you know",https://media.licdn.com/dms/image/D4D0BAQHaiA7XfsXI-g/company-logo_100_100/0/1680956634796?e=2147483647&v=beta&t=neXFajmYTHUDntrKlHwfzswHe79O4CriP0YXJrv-fXk,Over 200 applicants,2023-05-19,Not Applicable,Internship,Engineering and Information Technology,Industries
TalentKompass Deutschland,Junior Python Developer (Remote Internship – IT),https://www.linkedin.com/company/talentkompass-deutschland?trk=public_jobs_jserp-result_job-search-card-subtitle,"Ankara, Ankara, Turkey",Be an early applicant,https://tr.linkedin.com/jobs/view/junior-python-developer-remote-internship-%E2%80%93-it-at-talentkompass-deutschland-3606172310?refId=eTGvRlMvEsuT3STKNjRUNQ%3D%3D&trackingId=Px6yHavgnsKXl4hMEAo38Q%3D%3D&position=3&pageNum=0&trk=public_jobs_jserp-result_search-card,"LOCATION: Remote Work

SCHEDULE: Part-time

Are you passionate about software development and seeking a remarkable opportunity to gain hands-on experience while working with a prestigious Management Consulting firm? TalentKompass Deutschland, a top Human Resources company based in Germany, is searching for a motivated Python Developer Intern to join our esteemed client. This remote position presents a fantastic opportunity for someone who is eager to learn and grow in a dynamic and fast-paced environment.

As a Python Developer Intern, you will work closely with the software development and consulting teams, where you will be responsible for a variety of tasks, including software design, development, and debugging. You will have the unique chance to learn from experienced professionals who will provide mentorship and guidance throughout the internship. With this opportunity, you will gain valuable experience in software development, data analysis, and teamwork – all essential skills for a successful career in this field.

Responsibilities:

Assist in the design, implementation, and maintenance of software applications
Collaborate with cross-functional teams to gather requirements and develop solutions
Conduct research on emerging software technologies and trends
Participate in software debugging and performance optimization
Test and debug applications to ensure optimal performance and security
Support the team with general administrative tasks as needed
Contribute to the creation of technical documentation and user guides

Requirements:

Basic understanding of software development principles and practices
Familiarity with Python and its associated libraries
Excellent written and verbal communication skills in English
Ability to work independently and as part of a team
Strong analytical and problem-solving skills
Knowledge of database systems, such as MySQL, PostgreSQL, is a plus
Experience with version control systems, such as Git, is a plus

At TalentKompass Deutschland, we are committed to helping our interns develop their skills and reach their full potential. Our client is a reputable Management Consulting firm that will provide invaluable experience in a competitive industry. Don't miss this incredible opportunity to jump-start your career in software development – apply now!
Show less
Seniority level
Not Applicable
Employment type
Internship
Job function
Engineering and Information Technology
Industries
Human Resources Services
Referrals increase your chances of interviewing at TalentKompass Deutschland by 2x
See who you know",https://media.licdn.com/dms/image/D4D0BAQHaiA7XfsXI-g/company-logo_100_100/0/1680956634796?e=2147483647&v=beta&t=neXFajmYTHUDntrKlHwfzswHe79O4CriP0YXJrv-fXk,Over 200 applicants,2023-05-19,Not Applicable,Internship,Engineering and Information Technology,Industries
